agentid,aname,apassword,aemail,aaadhaar,aphone,agender
1,Yash,yash123,yash@gmail.com,294091660270,8474042425,Male
2,Prithi,prithi123,prithi@gmail.com,604002827969,8443852777,Female
3,Meera,meera123,meera@gmail.com,301642979581,8875331356,Female
4,Drashti,drashti123,drashti@gmail.com,122419742401,7584002894,Female
5,Saloni,saloni123,saloni@gmail.com,877106170409,7916423273,Female
6,Hinal,hinal123,hinal@gmail.com,139207807182,8040679379,Male
7,Jay,jay123,jay@gmail.com,348501577623,7184402499,Male
8,Darshana,darshana123,darshana@gmail.com,774825776586,8841633297,Female
9,Hardik,hardik123,hardik@gmail.com,578406196883,6301156436,Male
10,Janvi,janvi123,janvi@gmail.com,428733064152,7331170848,Female
11,Ronak,ronak123,ronak@gmail.com,649681361589,8641749473,Male
12,Naman,naman123,naman@gmail.com,467876163347,6115776908,Male
13,Khyati,khyati123,khyati@gmail.com,190877625111,6752731785,Male
14,Sikha,sikha123,sikha@gmail.com,377770725904,8785243310,Male
15,Minal,minal123,minal@gmail.com,732719669024,6689864043,Male
16,Milan,milan123,milan@gmail.com,425467064057,6428615118,Male
17,Kaushik,kaushik123,kaushik@gmail.com,639526695461,6468098844,Male
18,Smit,smit123,smit@gmail.com,535234435743,8854024723,Male
19,Ravin,ravin123,ravin@gmail.com,456453413194,8039757958,Male
20,Priya,priya123,priya@gmail.com,626657331730,8163698528,Female
21,Hetal,hetal123,hetal@gmail.com,828427637938,6688328805,Male
22,Prem,prem123,prem@gmail.com,676375398172,6885804722,Male
23,Kishan,kishan123,kishan@gmail.com,854943629840,8050508173,Male
24,Akshar,akshar123,akshar@gmail.com,282737118892,8496783277,Male
25,Akshay,akshay123,akshay@gmail.com,684860551611,6956744947,Male
26,Radhika,radhika123,radhika@gmail.com,753809150188,6499916560,Female
27,Riyan,riyan123,riyan@gmail.com,105145904046,6511072112,Male
28,Komal,komal123,komal@gmail.com,138329619262,6676044085,Male
29,Mihir,mihir123,mihir@gmail.com,276368322288,8156647070,Male
30,Kumar,kumar123,kumar@gmail.com,382399536651,7863679063,Male
31,Moxil,moxil123,moxil@gmail.com,128388967310,8532601656,Male
32,Monish,monish123,monish@gmail.com,257059137456,7465448892,Male
33,Bhavani,bhavani123,bhavani@gmail.com,275377404337,6803139643,Male
34,Bhavika,bhavika123,bhavika@gmail.com,778096901270,6033165829,Male
35,Rithik,rithik123,rithik@gmail.com,320589350308,6764684614,Male
36,Harish,harish123,harish@gmail.com,612069833611,7635007267,Male
37,Manoj,manoj123,manoj@gmail.com,101544218507,6642267498,Male
38,Raghav,raghav123,raghav@gmail.com,361975813298,7244213389,Male
39,Gopal,gopal123,gopal@gmail.com,354379132412,6589006777,Male
40,Jasmin,jasmin123,jasmin@gmail.com,797942269155,8134427806,Female
41,Akshay,akshay123,akshay@gmail.com,422645288148,7758323312,Male
42,Subhman,subhman123,subhman@gmail.com,405741428498,8141482314,Male
43,Vibi,vibi123,vibi@gmail.com,889222546456,7512106192,Male
44,Tara,tara123,tara@gmail.com,181363587576,7014278499,Female
45,Prashant,prashant123,prashant@gmail.com,772159983073,6028857162,Male
46,Sonal,sonal123,sonal@gmail.com,263759465448,7819086495,Male
47,Bala,bala123,bala@gmail.com,234104173330,7057687081,Male
48,Bhavik,bhavik123,bhavik@gmail.com,562411734502,8881141230,Male
49,Mathan,mathan123,mathan@gmail.com,591592679411,6786101972,Male
50,Purush,purush123,purush@gmail.com,813631606416,6892117617,Male
51,Darpit,darpit123,darpit@gmail.com,264194564110,6495370365,Male
52,Harsh,harsh123,harsh@gmail.com,822502410153,7284345589,Male
53,Kashyap,kashyap123,kashyap@gmail.com,717830591656,7354297007,Male
54,Bhautik,bhautik123,bhautik@gmail.com,394935767264,7732485688,Male
55,Dhruv,dhruv123,dhruv@gmail.com,194870137367,8013195796,Male
56,Ishva,ishva123,ishva@gmail.com,855052513431,7451762153,Male
57,Mitesh,mitesh123,mitesh@gmail.com,745773239433,6125361655,Male
58,Denish,denish123,denish@gmail.com,693919806684,7537883605,Male
59,Abhishek,abhishek123,abhishek@gmail.com,234385895708,6873526095,Male
60,Jenish,jenish123,jenish@gmail.com,274289661272,7672992726,Male
61,Jonny,jonny123,jonny@gmail.com,265604973118,8237384061,Male
62,Dhruvi,dhruvi123,dhruvi@gmail.com,374092774817,6589803683,Male
63,Mano,mano123,mano@gmail.com,449593382720,8286723997,Male
64,Kajal,kajal123,kajal@gmail.com,116883012395,8779995280,Female
65,Mital,mital123,mital@gmail.com,537064929879,7813121614,Male
66,Nevil,nevil123,nevil@gmail.com,399713937539,7027811666,Male
67,Krishna,krishna123,krishna@gmail.com,830219849118,7494376150,Male
68,Krish,krish123,krish@gmail.com,393465144902,7849309176,Male
69,Damu,damu123,damu@gmail.com,837141964820,6749185449,Male
70,Hemanth,hemanth123,hemanth@gmail.com,797972688557,7304355129,Male
71,Ishaan,ishaan123,ishaan@gmail.com,222400746730,8838292222,Male
72,Shylesh,shylesh123,shylesh@gmail.com,178503863880,7900630456,Male
73,Amar,amar123,amar@gmail.com,837193187157,8897897872,Male
74,Dheena,dheena123,dheena@gmail.com,694319104046,8051570616,Male
75,Dharun,dharun123,dharun@gmail.com,574725738486,7124028343,Male
76,Ananya,ananya123,ananya@gmail.com,320872404405,7058669835,Female
77,John,john123,john@gmail.com,423083879990,7956039580,Male
78,Sanju,sanju123,sanju@gmail.com,670411897549,7165641804,Male
79,Arjun,arjun123,arjun@gmail.com,715058852451,8921479066,Male
80,Aditi,aditi123,aditi@gmail.com,856164318639,7083224914,Female
81,Nikhil,nikhil123,nikhil@gmail.com,111965550412,6550559409,Male
82,Shaan,shaan123,shaan@gmail.com,521282192282,6608193194,Male
83,Sahil,sahil123,sahil@gmail.com,540004755558,6027146052,Male
84,Darsh,darsh123,darsh@gmail.com,638248710061,7946020764,Male
85,Ashwin,ashwin123,ashwin@gmail.com,483418427674,6991333426,Male
86,Deven,deven123,deven@gmail.com,624944508395,8369202227,Male
87,Shailan,shailan123,shailan@gmail.com,300113379799,6567417603,Male
88,Salin,salin123,salin@gmail.com,868953851045,8311443944,Male
89,Varun,varun123,varun@gmail.com,837051352999,6787040075,Male
90,Deva,deva123,deva@gmail.com,478290051264,7779757646,Male
91,Dulqueer,dulqueer123,dulqueer@gmail.com,302513751131,7720268289,Male
92,Akhilesh,akhilesh123,akhilesh@gmail.com,193094368853,6838430362,Male
93,Suresh,suresh123,suresh@gmail.com,749930744604,6975705968,Male
94,Rajiv,rajiv123,rajiv@gmail.com,778749239757,6460393357,Male
95,Bhan,bhan123,bhan@gmail.com,628883242148,7253681754,Male
96,Arun,arun123,arun@gmail.com,628387977269,6021784493,Male
97,Abhimanyu,abhimanyu123,abhimanyu@gmail.com,262997944850,8703284250,Male
98,Abhiman,abhiman123,abhiman@gmail.com,632475183785,7003911482,Male
99,Bharat,bharat123,bharat@gmail.com,444838671359,7625469675,Male
100,Alok,alok123,alok@gmail.com,576498403257,7235167533,Male
,,,,,,
,,,,,,
,,,,,,
,,,,,,
,,,,,,
,,,,,,
,,,,,,
,,,,,,
,,,,,,
,,,,,,
,,,,,,
,,,,,,
,,,,,,
,,,,,,
,,,,,,
,,,,,,
,,,,,,
